{
 "eff": 20,
 "obs": 1.4767933821682185e+20,
 "n_times": 4,
 "n_temp": 5,
 "times": [
  [
   1.0,
   6.0,
   7.0,
   16.0
  ],
  [
   9.0,
   10.0,
   12.0,
   19.0
  ],
  [
   5.0,
   10.0,
   17.0,
   19.0
  ],
  [
   5.0,
   12.0,
   13.0,
   20.0
  ],
  [
   5.0,
   9.0,
   13.0,
   14.0
  ]
 ],
 "temp": [
  14.0,
  15.0,
  16.0,
  5.0,
  2.0
 ]
}{
 "eff": 20,
 "obs": 1.4110380628702621e+20,
 "n_times": 2,
 "n_temp": 10,
 "times": [
  [
   7.0,
   16.0
  ],
  [
   0.0,
   19.0
  ],
  [
   6.0,
   20.0
  ],
  [
   13.0,
   18.0
  ],
  [
   6.0,
   11.0
  ],
  [
   16.0,
   17.0
  ],
  [
   7.0,
   12.0
  ],
  [
   14.0,
   15.0
  ],
  [
   9.0,
   18.0
  ],
  [
   9.0,
   18.0
  ]
 ],
 "temp": [
  2.0,
  7.0,
  8.0,
  15.0,
  16.0,
  6.0,
  10.0,
  12.0,
  3.0,
  14.0
 ]
}{
 "eff": 16,
 "obs": 1.366316321727751e+20,
 "n_times": 2,
 "n_temp": 8,
 "times": [
  [
   0.0,
   7.0
  ],
  [
   4.0,
   12.0
  ],
  [
   9.0,
   18.0
  ],
  [
   9.0,
   14.0
  ],
  [
   9.0,
   11.0
  ],
  [
   3.0,
   7.0
  ],
  [
   12.0,
   17.0
  ],
  [
   7.0,
   12.0
  ]
 ],
 "temp": [
  11.0,
  4.0,
  2.0,
  9.0,
  8.0,
  13.0,
  16.0,
  14.0
 ]
}{
 "eff": 18,
 "obs": 1.2282855705263071e+20,
 "n_times": 6,
 "n_temp": 3,
 "times": [
  [
   5.0,
   6.0,
   8.0,
   10.0,
   11.0,
   19.0
  ],
  [
   0.0,
   3.0,
   7.0,
   10.0,
   11.0,
   15.0
  ],
  [
   2.0,
   5.0,
   6.0,
   8.0,
   18.0,
   19.0
  ]
 ],
 "temp": [
  16.0,
  2.0,
  14.0
 ]
}{
 "eff": 20,
 "obs": 1.2274340011061341e+20,
 "n_times": 5,
 "n_temp": 4,
 "times": [
  [
   8.0,
   16.0,
   17.0,
   18.0,
   19.0
  ],
  [
   10.0,
   12.0,
   15.0,
   16.0,
   20.0
  ],
  [
   3.0,
   5.0,
   8.0,
   12.0,
   19.0
  ],
  [
   1.0,
   4.0,
   10.0,
   12.0,
   14.0
  ]
 ],
 "temp": [
  2.0,
  11.0,
  16.0,
  3.0
 ]
}{
 "eff": 15,
 "obs": 1.1351557370073966e+20,
 "n_times": 3,
 "n_temp": 5,
 "times": [
  [
   6.0,
   11.0,
   16.0
  ],
  [
   1.0,
   6.0,
   11.0
  ],
  [
   11.0,
   12.0,
   17.0
  ],
  [
   4.0,
   6.0,
   8.0
  ],
  [
   11.0,
   14.0,
   16.0
  ]
 ],
 "temp": [
  15.0,
  2.0,
  10.0,
  12.0,
  16.0
 ]
}{
 "eff": 18,
 "obs": 1.045368023346816e+20,
 "n_times": 2,
 "n_temp": 9,
 "times": [
  [
   0.0,
   10.0
  ],
  [
   11.0,
   20.0
  ],
  [
   7.0,
   12.0
  ],
  [
   1.0,
   4.0
  ],
  [
   8.0,
   15.0
  ],
  [
   0.0,
   17.0
  ],
  [
   4.0,
   14.0
  ],
  [
   9.0,
   18.0
  ],
  [
   9.0,
   14.0
  ]
 ],
 "temp": [
  6.0,
  3.0,
  15.0,
  8.0,
  7.0,
  5.0,
  13.0,
  2.0,
  16.0
 ]
}{
 "eff": 18,
 "obs": 9.648086493243136e+19,
 "n_times": 3,
 "n_temp": 6,
 "times": [
  [
   4.0,
   16.0,
   20.0
  ],
  [
   1.0,
   13.0,
   14.0
  ],
  [
   7.0,
   9.0,
   20.0
  ],
  [
   10.0,
   11.0,
   15.0
  ],
  [
   7.0,
   8.0,
   12.0
  ],
  [
   1.0,
   11.0,
   14.0
  ]
 ],
 "temp": [
  15.0,
  10.0,
  11.0,
  14.0,
  16.0,
  2.0
 ]
}{
 "eff": 12,
 "obs": 9.180410057408466e+19,
 "n_times": 2,
 "n_temp": 6,
 "times": [
  [
   8.0,
   16.0
  ],
  [
   10.0,
   15.0
  ],
  [
   8.0,
   17.0
  ],
  [
   5.0,
   10.0
  ],
  [
   8.0,
   9.0
  ],
  [
   11.0,
   20.0
  ]
 ],
 "temp": [
  3.0,
  11.0,
  13.0,
  16.0,
  15.0,
  2.0
 ]
}{
 "eff": 15,
 "obs": 8.20076913177443e+19,
 "n_times": 5,
 "n_temp": 3,
 "times": [
  [
   1.0,
   2.0,
   11.0,
   12.0,
   16.0
  ],
  [
   2.0,
   3.0,
   5.0,
   7.0,
   18.0
  ],
  [
   4.0,
   6.0,
   9.0,
   10.0,
   17.0
  ]
 ],
 "temp": [
  2.0,
  16.0,
  12.0
 ]
}