{
 "eff": 50,
 "obs": 3.940901376936917e+20,
 "n_times": 5,
 "n_temp": 10,
 "times": [
  [
   0.0,
   6.0,
   10.0,
   11.0,
   13.0
  ],
  [
   1.0,
   7.0,
   8.0,
   19.0,
   20.0
  ],
  [
   10.0,
   11.0,
   12.0,
   13.0,
   20.0
  ],
  [
   0.0,
   3.0,
   5.0,
   13.0,
   14.0
  ],
  [
   1.0,
   9.0,
   10.0,
   13.0,
   16.0
  ],
  [
   2.0,
   5.0,
   8.0,
   10.0,
   18.0
  ],
  [
   3.0,
   4.0,
   8.0,
   11.0,
   14.0
  ],
  [
   1.0,
   6.0,
   7.0,
   12.0,
   18.0
  ],
  [
   1.0,
   2.0,
   5.0,
   6.0,
   14.0
  ],
  [
   2.0,
   5.0,
   9.0,
   11.0,
   18.0
  ]
 ],
 "temp": [
  3.0,
  13.0,
  11.0,
  5.0,
  4.0,
  14.0,
  16.0,
  12.0,
  7.0,
  15.0
 ]
}{
 "eff": 32,
 "obs": 2.8257984291747925e+20,
 "n_times": 4,
 "n_temp": 8,
 "times": [
  [
   0.0,
   6.0,
   10.0,
   11.0
  ],
  [
   4.0,
   5.0,
   9.0,
   10.0
  ],
  [
   8.0,
   14.0,
   15.0,
   19.0
  ],
  [
   4.0,
   7.0,
   11.0,
   20.0
  ],
  [
   2.0,
   4.0,
   9.0,
   11.0
  ],
  [
   5.0,
   8.0,
   10.0,
   20.0
  ],
  [
   10.0,
   13.0,
   15.0,
   16.0
  ],
  [
   4.0,
   6.0,
   13.0,
   20.0
  ]
 ],
 "temp": [
  2.0,
  10.0,
  11.0,
  8.0,
  15.0,
  16.0,
  6.0,
  3.0
 ]
}{
 "eff": 45,
 "obs": 2.658645870968709e+20,
 "n_times": 5,
 "n_temp": 9,
 "times": [
  [
   0.0,
   2.0,
   3.0,
   6.0,
   8.0
  ],
  [
   2.0,
   5.0,
   7.0,
   8.0,
   17.0
  ],
  [
   0.0,
   8.0,
   11.0,
   15.0,
   16.0
  ],
  [
   0.0,
   10.0,
   11.0,
   16.0,
   19.0
  ],
  [
   5.0,
   7.0,
   10.0,
   11.0,
   12.0
  ],
  [
   3.0,
   8.0,
   11.0,
   13.0,
   18.0
  ],
  [
   2.0,
   5.0,
   6.0,
   15.0,
   17.0
  ],
  [
   2.0,
   7.0,
   10.0,
   16.0,
   20.0
  ],
  [
   4.0,
   9.0,
   10.0,
   15.0,
   16.0
  ]
 ],
 "temp": [
  8.0,
  16.0,
  14.0,
  3.0,
  15.0,
  13.0,
  12.0,
  4.0,
  5.0
 ]
}{
 "eff": 36,
 "obs": 2.426239844901889e+20,
 "n_times": 4,
 "n_temp": 9,
 "times": [
  [
   10.0,
   16.0,
   18.0,
   19.0
  ],
  [
   1.0,
   5.0,
   15.0,
   18.0
  ],
  [
   4.0,
   5.0,
   6.0,
   9.0
  ],
  [
   1.0,
   5.0,
   12.0,
   15.0
  ],
  [
   6.0,
   8.0,
   12.0,
   14.0
  ],
  [
   2.0,
   10.0,
   14.0,
   18.0
  ],
  [
   0.0,
   8.0,
   13.0,
   14.0
  ],
  [
   0.0,
   3.0,
   10.0,
   11.0
  ],
  [
   0.0,
   2.0,
   7.0,
   10.0
  ]
 ],
 "temp": [
  11.0,
  8.0,
  15.0,
  16.0,
  14.0,
  13.0,
  9.0,
  2.0,
  3.0
 ]
}{
 "eff": 36,
 "obs": 2.1527120063800174e+20,
 "n_times": 3,
 "n_temp": 12,
 "times": [
  [
   4.0,
   8.0,
   14.0
  ],
  [
   4.0,
   5.0,
   19.0
  ],
  [
   14.0,
   16.0,
   17.0
  ],
  [
   5.0,
   8.0,
   10.0
  ],
  [
   7.0,
   17.0,
   18.0
  ],
  [
   2.0,
   3.0,
   18.0
  ],
  [
   10.0,
   18.0,
   19.0
  ],
  [
   3.0,
   4.0,
   14.0
  ],
  [
   7.0,
   8.0,
   12.0
  ],
  [
   10.0,
   12.0,
   16.0
  ],
  [
   9.0,
   12.0,
   14.0
  ],
  [
   5.0,
   12.0,
   19.0
  ]
 ],
 "temp": [
  13.0,
  2.0,
  8.0,
  5.0,
  7.0,
  15.0,
  3.0,
  4.0,
  14.0,
  12.0,
  16.0,
  11.0
 ]
}{
 "eff": 24,
 "obs": 2.131031308493525e+20,
 "n_times": 4,
 "n_temp": 6,
 "times": [
  [
   0.0,
   2.0,
   10.0,
   11.0
  ],
  [
   10.0,
   13.0,
   15.0,
   16.0
  ],
  [
   5.0,
   8.0,
   10.0,
   14.0
  ],
  [
   7.0,
   8.0,
   13.0,
   15.0
  ],
  [
   1.0,
   5.0,
   10.0,
   14.0
  ],
  [
   2.0,
   3.0,
   4.0,
   12.0
  ]
 ],
 "temp": [
  2.0,
  12.0,
  16.0,
  9.0,
  5.0,
  15.0
 ]
}{
 "eff": 35,
 "obs": 2.093751973982392e+20,
 "n_times": 5,
 "n_temp": 7,
 "times": [
  [
   2.0,
   5.0,
   10.0,
   12.0,
   16.0
  ],
  [
   0.0,
   4.0,
   7.0,
   15.0,
   20.0
  ],
  [
   4.0,
   10.0,
   11.0,
   14.0,
   17.0
  ],
  [
   7.0,
   14.0,
   16.0,
   17.0,
   19.0
  ],
  [
   5.0,
   7.0,
   8.0,
   9.0,
   10.0
  ],
  [
   2.0,
   5.0,
   9.0,
   16.0,
   19.0
  ],
  [
   4.0,
   7.0,
   8.0,
   9.0,
   12.0
  ]
 ],
 "temp": [
  16.0,
  12.0,
  11.0,
  2.0,
  9.0,
  8.0,
  15.0
 ]
}{
 "eff": 40,
 "obs": 2.019575378977684e+20,
 "n_times": 4,
 "n_temp": 10,
 "times": [
  [
   5.0,
   10.0,
   18.0,
   20.0
  ],
  [
   0.0,
   5.0,
   12.0,
   15.0
  ],
  [
   6.0,
   11.0,
   16.0,
   17.0
  ],
  [
   5.0,
   9.0,
   17.0,
   18.0
  ],
  [
   4.0,
   8.0,
   9.0,
   20.0
  ],
  [
   5.0,
   7.0,
   8.0,
   9.0
  ],
  [
   0.0,
   10.0,
   11.0,
   13.0
  ],
  [
   2.0,
   14.0,
   17.0,
   20.0
  ],
  [
   5.0,
   12.0,
   14.0,
   15.0
  ],
  [
   0.0,
   12.0,
   14.0,
   17.0
  ]
 ],
 "temp": [
  13.0,
  9.0,
  16.0,
  5.0,
  14.0,
  15.0,
  8.0,
  11.0,
  2.0,
  10.0
 ]
}{
 "eff": 21,
 "obs": 1.994004488972751e+20,
 "n_times": 3,
 "n_temp": 7,
 "times": [
  [
   7.0,
   11.0,
   18.0
  ],
  [
   4.0,
   9.0,
   13.0
  ],
  [
   4.0,
   9.0,
   15.0
  ],
  [
   9.0,
   17.0,
   18.0
  ],
  [
   1.0,
   3.0,
   11.0
  ],
  [
   3.0,
   8.0,
   18.0
  ],
  [
   9.0,
   12.0,
   14.0
  ]
 ],
 "temp": [
  11.0,
  4.0,
  12.0,
  3.0,
  2.0,
  16.0,
  15.0
 ]
}{
 "eff": 48,
 "obs": 1.958260795617301e+20,
 "n_times": 6,
 "n_temp": 8,
 "times": [
  [
   2.0,
   5.0,
   8.0,
   10.0,
   12.0,
   18.0
  ],
  [
   2.0,
   12.0,
   16.0,
   17.0,
   18.0,
   20.0
  ],
  [
   4.0,
   6.0,
   8.0,
   10.0,
   16.0,
   18.0
  ],
  [
   0.0,
   2.0,
   6.0,
   9.0,
   12.0,
   18.0
  ],
  [
   3.0,
   6.0,
   9.0,
   15.0,
   18.0,
   19.0
  ],
  [
   2.0,
   8.0,
   9.0,
   12.0,
   13.0,
   15.0
  ],
  [
   0.0,
   1.0,
   9.0,
   11.0,
   18.0,
   20.0
  ],
  [
   9.0,
   14.0,
   15.0,
   18.0,
   19.0,
   20.0
  ]
 ],
 "temp": [
  14.0,
  2.0,
  15.0,
  10.0,
  16.0,
  13.0,
  4.0,
  8.0
 ]
}